-- INSERT INTO TABLE
-------------------------------------------------------------------------------------


INSERT INTO	DEPARTMENTS (DEPID, NAME) VALUES (1, 'Management');	-- INSERT INTO TABLE_NAME(COL1_NAME,...) VALUES (COL1_VALUE,...);	
INSERT INTO	DEPARTMENTS (NAME,DEPID) VALUES ('Management',2);	-- You can do this in any order, but stay consistent or people will yell at you

-- NOTES
--------------------
-- Ensure the data entered matches the data type for the column
-- Only CHAR, VARCHAR, DATE and DATETIME should be included in single quotes
-- PRIMARY KEY values must be Unique

INSERT INTO DEPARTMENTS VALUES (3, 'Technological');			-- You can leave the column names off, but you MUST enter the data in the order the columns appear AND populate all columns

INSERT INTO	DEPARTMENTS (DEPID, NAME) VALUES (4, 'Business');
INSERT INTO	DEPARTMENTS (DEPID, NAME) VALUES (5, 'Support');

INSERT INTO EMPLOYEES (EMPLOYEEID, DEPID, SURNAME, GIVENNAME, BIRTHDATE, HEIGHT, BOSSID) VALUES (1,		1,	'Smith',	'Jacob',	'1976-01-12',	1.67,	NULL);
INSERT INTO EMPLOYEES (EMPLOYEEID, DEPID, SURNAME, GIVENNAME, BIRTHDATE, HEIGHT, BOSSID) VALUES (2,		2,	'Johnson',	'Ethan',	'1979-05-21',	1.92,	1);
INSERT INTO EMPLOYEES (EMPLOYEEID, DEPID, SURNAME, GIVENNAME, BIRTHDATE, HEIGHT, BOSSID) VALUES (3,		3,	'Williams',	'Isabella',	'1967-02-12',	1.72,	1);
INSERT INTO EMPLOYEES (EMPLOYEEID, DEPID, SURNAME, GIVENNAME, BIRTHDATE, HEIGHT, BOSSID) VALUES (4,		2,	'Jones',	'Alexander','1971-08-07',	1.68,	2);
INSERT INTO EMPLOYEES (EMPLOYEEID, DEPID, SURNAME, GIVENNAME, BIRTHDATE, HEIGHT, BOSSID) VALUES (5,		3,	'Brown',	'Joshua',	'1982-04-01',	1.79,	3);
INSERT INTO EMPLOYEES (EMPLOYEEID, DEPID, SURNAME, GIVENNAME, BIRTHDATE, HEIGHT, BOSSID) VALUES (6,		4,	'Davis',	'Jan',		'1972-12-30',	1.93,	3);
INSERT INTO EMPLOYEES (EMPLOYEEID, DEPID, SURNAME, GIVENNAME, BIRTHDATE, HEIGHT, BOSSID) VALUES (7,		5,	'Smith',	'Madison',	NULL,			NULL,	4);
INSERT INTO EMPLOYEES (EMPLOYEEID, DEPID, SURNAME, GIVENNAME, BIRTHDATE, HEIGHT, BOSSID) VALUES (8,		5,	'Williams',	'Joshua',	NULL,			1.7,	3);
INSERT INTO EMPLOYEES (EMPLOYEEID, DEPID, SURNAME, GIVENNAME, BIRTHDATE, HEIGHT, BOSSID) VALUES (9,		1,	'Nowicki',	'William',	'1976-03-07',	1.69,	4);
INSERT INTO EMPLOYEES (EMPLOYEEID, DEPID, SURNAME, GIVENNAME, BIRTHDATE, HEIGHT, BOSSID) VALUES (10,	2,	'Miller',	'Emma',		'1989-09-03',	1.92,	1);
INSERT INTO EMPLOYEES (EMPLOYEEID, DEPID, SURNAME, GIVENNAME, BIRTHDATE, HEIGHT, BOSSID) VALUES (11,	4,	'Moore',	'Laurence',	'1977-08-27',	1.72,	4);
INSERT INTO EMPLOYEES (EMPLOYEEID, DEPID, SURNAME, GIVENNAME, BIRTHDATE, HEIGHT, BOSSID) VALUES (12,	2,	'Brown',	'Madison',	'1961-07-21',	1.68,	2);
INSERT INTO EMPLOYEES (EMPLOYEEID, DEPID, SURNAME, GIVENNAME, BIRTHDATE, HEIGHT, BOSSID) VALUES (13,	4,	'Davis',	'Alexander','1980-07-28',	1.72,	3);
INSERT INTO EMPLOYEES (EMPLOYEEID, DEPID, SURNAME, GIVENNAME, BIRTHDATE, HEIGHT, BOSSID) VALUES (14,	4,	'Taylor',	'Olivia',	'1977-04-23',	1.72,	4);
INSERT INTO EMPLOYEES (EMPLOYEEID,		  SURNAME, GIVENNAME, BIRTHDATE, HEIGHT, BOSSID) VALUES	(15,		'Moore',	'Madison',	'1970-04-29',	1.78,	5);
INSERT INTO EMPLOYEES (EMPLOYEEID, DEPID, SURNAME, GIVENNAME, BIRTHDATE, HEIGHT, BOSSID) VALUES (16,	2,	'Baranowski','Jacob',	'1975-04-26',	1.85,	2);
INSERT INTO EMPLOYEES (EMPLOYEEID, DEPID, SURNAME, GIVENNAME, BIRTHDATE, HEIGHT, BOSSID) VALUES (17,	4,	'Jakow',	'Isabella',	'1975-04-23',	1.69,	4);
INSERT INTO EMPLOYEES (EMPLOYEEID, DEPID, SURNAME, GIVENNAME, BIRTHDATE, HEIGHT, BOSSID) VALUES (18,	2,	'Jackson',	'Robert',	'1975-04-24',	1.75,	2);
INSERT INTO EMPLOYEES (EMPLOYEEID, DEPID, SURNAME, GIVENNAME, BIRTHDATE, HEIGHT, BOSSID) VALUES (19,	4,	'Taylor',	'Jurgen',	'1977-05-21',	1.84,	3);
INSERT INTO EMPLOYEES (EMPLOYEEID, DEPID, SURNAME, GIVENNAME, BIRTHDATE, HEIGHT, BOSSID) VALUES (20,	4,	'Williams',	'Emma',		'1959-04-20',	1.81,	4);
INSERT INTO EMPLOYEES (EMPLOYEEID, DEPID, SURNAME, GIVENNAME, BIRTHDATE, HEIGHT, BOSSID) VALUES (21,	3,	'Jones',	'Joshua',	'1982-02-22',	1.79,	3);
INSERT INTO EMPLOYEES (EMPLOYEEID, DEPID, SURNAME, GIVENNAME, BIRTHDATE, HEIGHT, BOSSID) VALUES (22,	4,	'Anderson',	'William',	'1972-10-10',	1.93,	3);
INSERT INTO EMPLOYEES (EMPLOYEEID, DEPID, SURNAME, GIVENNAME, BIRTHDATE, HEIGHT, BOSSID) VALUES (23,	5,	'Smith',	'Anthony',	NULL,			NULL,	4);
INSERT INTO EMPLOYEES (EMPLOYEEID, DEPID, SURNAME, GIVENNAME, BIRTHDATE, HEIGHT, BOSSID) VALUES (24,	5,	'Miller',	'Ethan',	'1973-11-21',	NULL,	4);
INSERT INTO EMPLOYEES (EMPLOYEEID, DEPID, SURNAME, GIVENNAME, BIRTHDATE, HEIGHT, BOSSID) VALUES (25,	2,	'White',	'Jan',		NULL,			1.73,	5);
INSERT INTO EMPLOYEES (EMPLOYEEID, DEPID, SURNAME, GIVENNAME, BIRTHDATE, HEIGHT, BOSSID) VALUES (26,	1,	'Polakow',	'Anthony',	'1968-04-24',	1.86,	1);
INSERT INTO EMPLOYEES (EMPLOYEEID, DEPID, SURNAME, GIVENNAME, BIRTHDATE, HEIGHT, BOSSID) VALUES (27,	3,	'Wilson',	'Emma',		'1974-04-29',	1.75,	2);
INSERT INTO EMPLOYEES (EMPLOYEEID, DEPID, SURNAME, GIVENNAME, BIRTHDATE, HEIGHT, BOSSID) VALUES (28,	2,	'Brown',	'Laurence',	NULL,			1.82,	3);
INSERT INTO EMPLOYEES (EMPLOYEEID, DEPID, SURNAME, GIVENNAME, BIRTHDATE, HEIGHT, BOSSID) VALUES (29,	4,	'Thomas',	'Jacob',	'1983-03-01',	1.93,	4);
INSERT INTO EMPLOYEES (EMPLOYEEID, DEPID, SURNAME, GIVENNAME, BIRTHDATE, HEIGHT, BOSSID) VALUES	(30,	4,	'Johnson',	'Olivia',	'1986-04-20',	1.88,	4);
INSERT INTO EMPLOYEES (EMPLOYEEID, DEPID, SURNAME, GIVENNAME, BIRTHDATE, HEIGHT, BOSSID) VALUES (31,	3,	'Jackson',	'Alexander','1966-04-20',	1.76,	2);
INSERT INTO EMPLOYEES (EMPLOYEEID, DEPID, SURNAME, GIVENNAME, BIRTHDATE, HEIGHT, BOSSID) VALUES (32,	2,	'Thomas',	'William',	'1969-04-20',	1.7,	4);
INSERT INTO EMPLOYEES (EMPLOYEEID, DEPID, SURNAME, GIVENNAME, BIRTHDATE, HEIGHT, BOSSID) VALUES (33,	3,	'Wilson',	'Isabella',	'1980-06-20',	NULL,	4);
INSERT INTO EMPLOYEES (EMPLOYEEID, DEPID, SURNAME, GIVENNAME, BIRTHDATE, HEIGHT, BOSSID) VALUES (34,	4,	'Anderson',	'Ethan',	'1970-07-24',	1.73,	5);
INSERT INTO EMPLOYEES (EMPLOYEEID, DEPID, SURNAME, GIVENNAME, BIRTHDATE, HEIGHT, BOSSID) VALUES	(35,	5,	'Johnson',	'Olivia',	'1977-04-23',	1.87,	4);

INSERT INTO SALARIES (SALARYID, PERSONID, GROSS, SALARYDATE) VALUES (1,		1,		111,	'2011-01-07');
INSERT INTO SALARIES (SALARYID, PERSONID, GROSS, SALARYDATE) VALUES (2,		3,		222,	'2011-02-07');
INSERT INTO SALARIES (SALARYID, PERSONID, GROSS, SALARYDATE) VALUES (3,		1,		333,	'2011-12-17');
INSERT INTO SALARIES (SALARYID, PERSONID, GROSS, SALARYDATE) VALUES (4,		2,		444,	'2011-11-22');
INSERT INTO SALARIES (SALARYID, PERSONID, GROSS, SALARYDATE) VALUES (5,		4,		555,	'2011-01-03');
INSERT INTO SALARIES (SALARYID, PERSONID, GROSS, SALARYDATE) VALUES (6,		1,		666,	'2011-11-19');
INSERT INTO SALARIES (SALARYID, PERSONID, GROSS, SALARYDATE) VALUES (7,		5,		777,	'2011-07-24');
INSERT INTO SALARIES (SALARYID, PERSONID, GROSS, SALARYDATE) VALUES (8,		2,		888,	'2011-02-14');
INSERT INTO SALARIES (SALARYID, PERSONID, GROSS, SALARYDATE) VALUES (9,		1,		999,	'2011-01-03');
INSERT INTO SALARIES (SALARYID, PERSONID, GROSS, SALARYDATE) VALUES (10,	6,		111,	'2011-10-07');
INSERT INTO SALARIES (SALARYID, PERSONID, GROSS, SALARYDATE) VALUES (11,	6,		333,	'2011-02-19');
INSERT INTO SALARIES (SALARYID, PERSONID, GROSS, SALARYDATE) VALUES (12,	6,		999,	'2011-01-07');
INSERT INTO SALARIES (SALARYID, PERSONID, GROSS, SALARYDATE) VALUES (13,	6,		666,	'2011-03-27');
INSERT INTO SALARIES (SALARYID, PERSONID, GROSS, SALARYDATE) VALUES (14,	7,		111,	'2011-04-09');
INSERT INTO SALARIES (SALARYID, PERSONID, GROSS, SALARYDATE) VALUES (15,	11,		222,	'2011-03-17');
INSERT INTO SALARIES (SALARYID, PERSONID, GROSS, SALARYDATE) VALUES (16,	17,		333,	'2011-06-17');
INSERT INTO SALARIES (SALARYID, PERSONID, GROSS, SALARYDATE) VALUES (17,	16,		444,	'2011-11-12');
INSERT INTO SALARIES (SALARYID, PERSONID, GROSS, SALARYDATE) VALUES (18,	14,		555,	'2011-05-08');
INSERT INTO SALARIES (SALARYID, PERSONID, GROSS, SALARYDATE) VALUES (19,	12,		666,	'2011-10-19');
INSERT INTO SALARIES (SALARYID, PERSONID, GROSS, SALARYDATE) VALUES (20,	15,		777,	'2011-05-14');
INSERT INTO SALARIES (SALARYID, PERSONID, GROSS, SALARYDATE) VALUES (21,	12,		888,	'2011-07-14');
INSERT INTO SALARIES (SALARYID, PERSONID, GROSS, SALARYDATE) VALUES (22,	3,		999,	'2011-07-03');
INSERT INTO SALARIES (SALARYID, PERSONID, GROSS, SALARYDATE) VALUES (23,	1,		111,	'2011-12-07');
INSERT INTO SALARIES (SALARYID, PERSONID, GROSS, SALARYDATE) VALUES (24,	16,		333,	'2011-09-19');
INSERT INTO SALARIES (SALARYID, PERSONID, GROSS, SALARYDATE) VALUES (25,	26,		999,	'2011-11-07');
INSERT INTO SALARIES (SALARYID,			  GROSS, SALARYDATE) VALUES (26,			1666,	'2011-09-11');
INSERT INTO SALARIES (SALARYID, PERSONID, GROSS, SALARYDATE) VALUES (27,	11,		111,	'2011-09-23');
INSERT INTO SALARIES (SALARYID, PERSONID, GROSS, SALARYDATE) VALUES (28,	4,		222,	'2011-03-08');
INSERT INTO SALARIES (SALARYID, PERSONID, GROSS, SALARYDATE) VALUES (29,	6,		333,	'2011-07-01');
INSERT INTO SALARIES (SALARYID, PERSONID, GROSS, SALARYDATE) VALUES (30,	8,		444,	'2011-06-16');
INSERT INTO SALARIES (SALARYID, PERSONID, GROSS, SALARYDATE) VALUES (31,	1,		555,	'2011-03-13');
INSERT INTO SALARIES (SALARYID, PERSONID, GROSS, SALARYDATE) VALUES (32,	5,		666,	'2011-05-25');
INSERT INTO SALARIES (SALARYID, PERSONID, GROSS, SALARYDATE) VALUES (33,	1,		777,	'2011-11-27');
INSERT INTO SALARIES (SALARYID, PERSONID, GROSS, SALARYDATE) VALUES (34,	3,		888,	'2011-10-11');
INSERT INTO SALARIES (SALARYID, PERSONID, GROSS, SALARYDATE) VALUES (35,	6,		666,	'2011-12-01');
INSERT INTO SALARIES (SALARYID, PERSONID, GROSS, SALARYDATE) VALUES (36,	7,		555,	'2011-12-01');
INSERT INTO SALARIES (SALARYID, PERSONID, GROSS, SALARYDATE) VALUES (37,	7,		111,	'2011-12-01');
INSERT INTO SALARIES (SALARYID, PERSONID, GROSS, SALARYDATE) VALUES (38,	NULL,	999,	'2011-08-21');

INSERT INTO BONUSES VALUES (1,	1,	'I Prize');
INSERT INTO BONUSES VALUES (2,	3,	'II Prize');
INSERT INTO BONUSES VALUES (3,	7,	'III Prize');
INSERT INTO BONUSES VALUES (4,	1,	'Premium');
INSERT INTO BONUSES VALUES (5,	5,	'Prize');
INSERT INTO BONUSES VALUES (6,	1,	'Prize');
INSERT INTO BONUSES VALUES (7,	8,	'Prize');
INSERT INTO BONUSES VALUES (8,	3,	'Premium');
INSERT INTO BONUSES VALUES (9,	3,	'Prize');
INSERT INTO BONUSES VALUES (10,	8,	'Prize');
INSERT INTO BONUSES VALUES (12,	2,	'Premium');
INSERT INTO BONUSES VALUES (13,	3,	'Premium');
INSERT INTO BONUSES VALUES (14,	1,	'III Prize');
INSERT INTO BONUSES VALUES (15,	1,	'Premium');
INSERT INTO BONUSES VALUES (16,	5,	'Premium');
INSERT INTO BONUSES VALUES (17,	11,	'I Prize');
INSERT INTO BONUSES VALUES (18,	13,	'Premium');
INSERT INTO BONUSES VALUES (19,	23,	'Prize');
INSERT INTO BONUSES VALUES (20,	18,	'Prize');
INSERT INTO BONUSES VALUES (22,	12,	'Prize');
INSERT INTO BONUSES VALUES (23,	13,	'Premium');
INSERT INTO BONUSES VALUES (24,	3,	'III Prize');
INSERT INTO BONUSES VALUES (25,	1,	'Premium');
INSERT INTO BONUSES VALUES (26,	15,	'Premium');
GO